,gene_id,sequence
1,IGHV1-11,QIQLQQSGAELASPGASVTLSCKASGYTFTDHIMNWVKKRPGQGLEWIGRIYPVSGETNYNQKFMGKATFSVDRSSSTVYMVLNSLTSEDPAVYY
2,IGHV1-12,QAYLQQSGAELVRPGASVKMSCKASGYTFTSYNMHWVKQTPRQGLEWIGAIYPGNGDTSYNQKFKGKATLTVDKSSSTAYMQLSSLTSEDSAVYF
3,IGHV1-15,QVQLQQSGAELVRPGASVTLSCKASGYTFTDYEMHWVKQTPVHGLEWIGAIDPETGGTAYNQKFKGKAILTADKSSSTAYMELRSLTSEDSAVYY
4,IGHV1-16,EVQLQQSGPKVVNAGASVKLSCKSSGYSFSRYKMECVKQSHVKSLEWIEHINLFNGITNYNGNFKSKATLTVDISSSTAYMELSRLTSEDSEVYY
5,IGHV1-18,EVQLQQSGPELVKPGASVKIPCKASGYTFTDYNMDWVKQSHGKSLEWIGDINPNNGGTIYNQKFKGKATLTVDKSSSTAYMELRSLTSEDTAVYY
6,IGHV1-19,EVQLQQSGPVLVKPGASVKMSCKASGYTFTDYYMNWVKQSHGKSLEWIGVINPYNGGTSYNQKFKGKATLTVDKSSSTAYMELNSLTSEDSAVYY
7,IGHV1-20,EVQLQQSGPELVKPGDSVKISCKASGYSFTGYFMNWVMQSHGKSLEWIGRINPYNGDTFYNQKFKGKATLTVDKSSSTAHMELRSLTSEDSAVYY
8,IGHV1-22,EVQLQQSGPELVKPGASVKMSCKASGYTFTDYNMHWVKQSHGKSLEWIGYINPNNGGTSYNQKFKGKATLTVNKSSSTAYMELRSLTSEDSAVYY
9,IGHV1-23,QVQLQQSGAELVRPGASVKLSCKASGYTFTDYEMHCVKQTPVHGLEWIGAIDPETCGTAYNQKFKGKATLTADKSSSTAYMELRSLTSEDSAVYY
10,IGHV1-24,EVRLQQSGPKVVNAGASVKLSCKSSGYSFSRYKMECVKQSHGKSLEWIEHINLFKGVTNYNGKFKSKATLTVDISSSTAYMELSRLTSEDSEVYY
11,IGHV1-26,EVQLQQSGPELVKPGASVKISCKASGYTFTDYYMNWVKQSHGKSLEWIGDINPNNGGTSYNQKFKGKATLTVDKSSSTAYMELRSLTSEDSAVYY
12,IGHV1-31,EVQLQQSGPELVKPGASVKISCKASGYSFTGYYMHWVKQSHGNILDWIGYIYPYNGVSSYNQKFKGKATLTVDKSSSTAYMELRSLTSEDSAVYY
13,IGHV1-34,EVQLQQSGPELVKPGASVKMSCKASGYTFTDYYMHWVKQSHGKSLEWIGYIYPNNGGNGYNQKFKGKATLTVDKSSSTAYMELRSLTSEDSAVYY
14,IGHV1-36,EVQLQQSGPVLVKPGPSVKISCKASGFTFTDYYMHWVKQSHGKSLEWIGLVYPYNGGTSYNQKFKGKATLTVDTSSSTAYMELNSLTSEDSAVYY
15,IGHV1-37,EVQLQQSGPELVKPGASVKISCKASGYSFTGYFMNWVKQSHGKSLEWIGRINPYNGDTFYNQKFKGKATLTVDKSSSTAHMELLSLTSEDFAVYY
16,IGHV1-39,EFQLQQSGPELVKPGASVKISCKASGYSFTDYNMNWVKQSNGKSLEWIGVINPNYGTTSYNQKFKGKATLTVDQSSSTAYMQLNSLTSEDSAVYY
17,IGHV1-4,QVQLQQSGAELARPGASVKMSCKASGYTFTSYTMHWVKQRPGQGLEWIGYINPSSGYTKYNQKFKDKATLTADKSSSTAYMQLSSLTSEDSAVYY
18,IGHV1-42,EVQLQQSGPELVKPGASVKISCKASGYSFTGYYMNWVKQSPEKSLEWIGEINPSTGGTTYNQKFKAKATLTVDKSSSTAYMQLKSLTSEDSAVYY
19,IGHV1-43,EVKLQQSGPELVKPGASVKISCKASGYSFTGYYMHWVKQSSEKSLEWIGEINPSTGGTSYNQKFKGKATLTVDKSSSTAYMQLKSLTSEDSAVYY
20,IGHV1-47,QVQLQQSGAELVKPGASVKMSCKASGYTFTTYPIEWMKQNHGKSLEWIGNFHPYNDDTKYNEKFKGKATLTVEKSSSTVYLELSRLTSDDSAVYY
21,IGHV1-49,QRELQQSGAELVRPGSSVKLSCKDSYFAFMASAMHWVKQRPGHGLEWIGSFTMYSDATEYSENFKGKATLTANTSSSTAYMELSSLTSEDSAVYY
22,IGHV1-5,EVQLQQSGTVLARPGASVKMSCKTSGYTFTSYWMHWVKQRPGQGLEWIGAIYPGNSDTSYNQKFKGKAKLTAVTSASTAYMELSSLTNEDSAVYY
23,IGHV1-50,QVQLQQPGAELVKPGASVKLSCKASGYTFTSYWMQWVKQRPGQGLEWIGEIDPSDSYTNYNQKFKGKATLTVDTSSSTAYMQLSSLTSEDSAVYY
24,IGHV1-52,QVQLQQPGAELVRPGSSVKLSCKASGYTFTSYWMHWVKQRPIQGLEWIGNIDPSDSETHYNQKFKDKATLTVDKSSSTAYMQLSSLTSEDSAVYY
25,IGHV1-53,QVQLQQPGTELVKPGASVKLSCKASGYTFTSYWMHWVKQRPGQGLEWIGNINPSNGGTNYNEKFKSKATLTVDKSSSTAYMQLSSLTSEDSAVYY
26,IGHV1-54,QVQLQQSGAELVRPGTSVKVSCKASGYAFTNYLIEWVKQRPGQGLEWIGVINPGSGGTNYNEKFKGKATLTADKSSSTAYMQLSSLTSEDSAVYF
27,IGHV1-55,QVQLQQPGAELVKPGASVKMSCKASGYTFTSYWITWVKQRPGQGLEWIGDIYPGSGSTNYNEKFKSKATLTVDTSSSTAYMQLSSLTSEDSAVYY
28,IGHV1-56,QVQLQQSGPELVRPGASVKISCKAPGYTFTSHWMQWVRQRPGQGLEWIGEIFPGSGSTYYNEKFKGKATLTVDTSSSTAYMQLSSLTSEDSAVYF
29,IGHV1-58,EVQLQQSGAELVRPGSSVKMSCKTSGYTFTSYGINWVKQRPGQGLEWIGYIYIGNGYTEYNEKFKGKATLTSDTSSSTAYMQLSSLTSEDSAIYF
30,IGHV1-59,QVQLQQPGAELVRPGTSVKLSCKASGYTFTSYWMHWVKQRPGQGLEWIGVIDPSDSYTNYNQKFKGKATLTVDTSSSTAYMQLSSLTSEDSAVYY
31,IGHV1-61,QVQLQQPGAELVRPGSSVKLSCKASGYTFTSYWMDWVKQRPGQGLEWIGNIYPSDSETHYNQKFKDKATLTVDKSSSTAYMQLSSLTSEDSAVYY
32,IGHV1-62-3,QVQLQQPGAELVKPGASVKLSSKASGYTFTSYWMHWVKQRPGRGLEWIGRIDPNSGGTKYNEKFKSKATLTVDKPSSTAYMQLSSLTSEDSAVYY
33,IGHV1-63,QVQLQQSGAELVRPGTSVKMSCKASGYTFTNYWIGWAKQRPGHGLEWIGDIYPGGGYTNYNEKFKGKATLTADKSSSTAYMQFSSLTSEDSAIYY
34,IGHV1-64,QVQLQQPGAELVKPGASVKLSCKASGYTFTSYWMHWVKQRPGQGLEWIGMIHPNSGSTNYNEKFKSKATLTVDKSSSTAYMQLSSLTSEDSAVYY
35,IGHV1-66,QVQLQQSGPELVKPGASVKISCKASGYSFTSYYIHWVKQRPGQGLEWIGWIYPGSGNTKYNEKFKGKATLTADTSSSTAYMQLSSLTSEDSAVYY
36,IGHV1-69,QVQLQQPGAELVMPGASVKLSCKASGYTFTSYWMHWVKQRPGQGLEWIGEIDPSDSYTNYNQKFKGKSTLTVDKSSSTAYMQLSSLTSEDSAVYY
37,IGHV1-7,QVQLQQSGAELAKPGASVKLSCKASGYTFTSYWMHWVKQRPGQGLEWIGYINPSSGYTKYNQKFKDKATLTADKSSSTAYMQLSSLTYEDSAVYY
38,IGHV1-71,QVQLQQSGAELVKPGASVKLSCKASGYTFTEYTIHWVKQRSGQGLEWIGWFYPGSGSIKYNEKFKDKATLTADKSSSTVYMELSRLTSEDSAVYFCA
39,IGHV1-72,QVQLQQPGAELVKPGASVKLSCKASGYTFTSYWMHWVKQRPGRGLEWIGRIDPNSGGTKYNEKFKSKATLTVDKPSSTAYMQLSSLTSEDSAVYY
40,IGHV1-74,QVQLQQPGAELVKPGASVKVSCKASGYTFTSYWMHWVKQRPGQGLEWIGRIHPSDSDTNYNQKFKGKATLTVDKSSSTAYMQLSSLTSEDSAVYY
41,IGHV1-75,QVQLQQSGPELVKPGASVKISCKASGYTFTDYYINWVKQRPGQGLEWIGWIFPGSGSTYYNEKFKGKATLTVDKSSSTAYMLLSSLTSEDSAVYF
42,IGHV1-76,QVQLKQSGAELVRPGASVKLSCKASGYTFTDYYINWVKQRPGQGLEWIARIYPGSGNTYYNEKFKGKATLTAEKSSSTAYMQLSSLTSEDSAVYF
43,IGHV1-77,QVQLKQSGAELVKPGASVKISCKASGYTFTDYYINWVKQRPGQGLEWIGKIGPGSGSTYYNEKFKGKATLTADKSSSTAYMQLSSLTSEDSAVYF
44,IGHV1-78,QVQLQQSDAELVKPGASVKISCKVSGYTFTDHTIHWMKQRPEQGLEWIGYIYPRDGSTKYNEKFKGKATLTADKSSSTAYMQLNSLTSEDSAVYF
45,IGHV1-80,QVQLQQSGAELVKPGASVKISCKASGYAFSSYWMNWVKQRPGKGLEWIGQIYPGDGDTNYNGKFKGKATLTADKSSSTAYMQLSSLTSEDSAVYF
46,IGHV1-81,QVQLQQSGAELARPGASVKLSCKASGYTFTSYGISWVKQRTGQGLEWIGEIYPRSGNTYYNEKFKGKATLTADKSSSTAYMELRSLTSEDSAVYF
47,IGHV1-82,QVQLQQSGPELVKPGASVKISCKASGYAFSSSWMNWVKQRPGKGLEWIGRIYPGDGDTNYNGKFKGKATLTADKSSSTAYMQLSSLTSEDSAVYF
48,IGHV1-84,QIQLQQSGPELVKPGASVKISCKASGYTFTDYYINWVKQRPGQGLEWIGWIYPGSGNTKYNEKFKGKATLTVDTSSSTAYMQLSSLTSEDSAVYF
49,IGHV1-85,QVQLQQSGPELVKPGASVKLSCKASGYTFTSYDINWVKQRPGQGLEWIGWIYPRDGSTKYNEKFKGKATLTVDTSSSTAYMELHSLTSEDSAVYF
50,IGHV1-87,QVQLQQSGAELARPGASVKMSCKASGYTFTSYWMQWVKQRPGQGLEWIGAIYPGDGDTRYTQKFKGRATLTADKSSSTAYMQLSSLTSEDSAVYY
51,IGHV1-9,QVQLQQSGAELMKPGASVKLSCKATGYTFTGYWIEWVKQRPGHGLEWIGEILPGSGSTNYNEKFKGKATFTADTSSNTAYMQLSSLTTEDSAIYY
52,IGHV10-1,EVQLVESGGGLVQPKGSLKLSCAASGFSFNTYAMNWVRQAPGKGLEWVARIRSKSNNYATYYADSVKDRFTISRDDSESMLYLQMNNLKTEDTAMYY
53,IGHV10-3,EVQLVESGGGLVQPKGSLKLSCAASGFTFNTYAMHWVRQAPGKGLEWVARIRSKSSNYATYYADSVKDRFTISRDDSQSMLYLQMNNLKTEDTAMYY
54,IGHV10S3,EVQLVETGGGLVQPKGSLKLSCAASGFTFNTNAMNWVRQAPGKGLEWVARIRSKSNNYATYYADSVKDRFTISRDDSQSMLYLQMNNLKTEDTAMYY
55,IGHV10S4,EVQLVETGGGLVQPKGSLKLSCPASGFSFNTNAMNWVRQAPGKGLEWVARIRSKSNNYATYYADSVKDRFTISRDDSQSMLYLQMNNLKTEDTAMYY
57,IGHV11-1,EVQLLETGEGLVPPGGSRGLSCEGSGFTFSGFWMSWVRQTPGKTLEWIGDINSDGSAINYAPSIKDRFTIFRDNDKSTLYLQMSNVRSEDTATYF
58,IGHV11-2,EVQLLETGGGLVQPGGSRGLSCEGSGFTFSGFWMSWVRQTPGKTLEWIGDINSDGSAINYAPSIKDRFTIFRDNDKSTLYLQMSNVRSEDTATYF
59,IGHV12-1-1,QIQLKESGPAVIKPSQSLSLTCIVSGFSITSSSYCWHWIRQPPGKGLEWMGRICYEGSIYYSPSIKSRSTISRDTSLNKFFIQLSSVTNEDTAMYYCS
60,IGHV12-2-1,QIQLKESGPAVIKPSQSLSLTCTVSEFSITSSGFCWHRICQPPGKGLEWMGRICYEGSIYYSPSLKSRSTISIDTSLNKIFIQLSSVTDEDTDMYYYS
61,IGHV12-3,QMQLQESGPGLVKPSQSLFLTCSITGFPITSGYYWIWIRQSPGKPLEWMGYITHSGETFYNPSLQSPISITRETSKNQFFLQLNSVTTEDTAMYYCA
62,IGHV12S2,QVQASGVRTWPGETLTVTLPRLLYYWFPHHQWLLLDLDPSVTWETPRMDGVHHS*WENFLQPIPSRAPSSITRETSKNQFFLQLNSVTTEDTAMYY
63,IGHV13-2,QVQLVETGGGLVRPGNSLKLSCVTSGFTFSNYRMHWLRQPPGKRLEWIAVITVKSDNYGANYAESVKGRFAISRDDSKSSVYLEMNRLREEDTATYF
64,IGHV14-1,EVQLQQSGAELVRPGASVKLSCTASGFNIKDYYMHWVKQRPEQGLEWIGRIDPEDGDTEYAPKFQGKATMTADTSSNTAYLQLSSLTSEDTAVYY
65,IGHV14-2,EVQLQQSGAELVKPGASVKLSCTASGFNIKDYYMHWVKQRTEQGLEWIGRIDPEDGETKYAPKFQGKATITADTSSNTAYLQLSSLTSEDTAVYY
66,IGHV14-3,EVQLQQSVAELVRPGASVKLSCTASGFNIKNTYMHWVKQRPEQGLEWIGRIDPANGNTKYAPKFQGKATITADTSSNTAYLQLSSLTSEDTAIYY
67,IGHV14-4,EVQLQQSGAELVRPGASVKLSCTASGFNIKDDYMHWVKQRPEQGLEWIGWIDPENGDTEYASKFQGKATITADTSSNTAYLQLSSLTSEDTAVYY
68,IGHV14S4,EVQLQQSGAEVVPGASVKLSCTASGFNIKDDYMHWAKQRPDQGLEWIGRIDPAIDDTDYAPKFQDKATMITDTSSNIAYLQSSSLTSEDTAVYY
69,IGHV15-2,QVHLQQSGSELRSPGSSVKLSCKDFDSEVFPIAYMSWVRQKPGHGFEWIGGILPSIGRTIYGEKFEDKATLDADTLSNTAYLELNSLTSEDSAIYY
70,IGHV16-1,EVQLVESGGSLGQPGGSTKLSCEEASGFTFSDHWMDWFRQAPGMRLEWLANTNHDESGKGYAESVKDRFSISRDNSENLLYLQMNSLRNEDTALYY
71,IGHV1S101,EVQLQQSGPELVKPGASVKISCMASGYQFSDYYMH*VKQSHGKSLEWIGYINPNNGCTSYNQKFKGKATLTVDTSSSTAYM
72,IGHV1S112,EVQLQQSGPELVKPGASVKISCKAS*YTFTDYNMHWVKQSHGKSLEWIGGINPNNGATSYNQKFKGKATLTVDKSSSTAYM
73,IGHV1S12,QVQLQQSGPELVKPGASVKISCKASGYTFTSYYIHWVKQRPGQGLEWIGYIYPRDGSTNYNEKFKGKATLTADTSSSTAYMQLSSLTSEDSAVYF
74,IGHV1S126,QVQLQQPGAELVKPGASVKISCKASGYTFTSYWMNWVKQRPGQGLEWIGEIDPSDSYTNNNQKFKDKATLTVDKSSSTAYMQLSSLTSEDSAVYY
75,IGHV1S127,QVQLQQPGAELVKPGASVKMSCKASGYTFTSYWMHWVKQRPGQGLEWIGTIDPSDSYTSYNQKFKGKATLTVDTSSSTAYMQLSSLTSEDSAVYY
76,IGHV1S130,QVQLQQPGSVLVRPGASVKLSCKASGYTFTSSWMHWAKQRPGQGLEWIGEIHPNSGNTNYNEKFKGKATLTVDTSSSTAYVDLSSPTSEDSAVYY
77,IGHV1S132,QVQLQQSGAELVKPGASVKLSCKTSGYTFTSYWIQWVKQRPGQGLGWIGEIFPGTGTTYYNEKFKGKATLTIDTSSSTAYMQLSSLTSEDSAVYF
78,IGHV1S134,EVQLQQSGAELGRPGSSVKLSCKTSGYTFTSYGIKWVKQRPGQGLEWIGYIYPGNGYTVYNEKFQGKATLTSDTSSSTAYMQLRSLTSEDSAIYF
79,IGHV1S135,EIQLQQSGPELVKPGASVKVSCKASGYSFTDYNMYWVKQSHGKSLEWIGYIDPYNGGTSYNQKFKGKATLTVDKSSSTAFMHLNSLTSEDSAVYY
80,IGHV1S136,EVQLQQSGPELVKPGASVKMSCKASGYTFTDYVMHWVKQKPGQGLEWIGYIYPYNDGTEYTEKFKGKATLTLDKSSSTAYMDLSSLTSEDSTVYY
81,IGHV1S137,QVQLQQSGAELVRPGVSVKISCKGSGYTFTDYAMHWVKQSHAKSLEWIGVISTYYGDASYNQKFKGKATMTVDKSSSTAYMELARLTSEDSAVYY
82,IGHV1S14,QVQLQQPGSVLVRPGTSVKLSCKASGYTFTSYWMHWAKQRPGQGLEWIGEIHPNCGNINYNEKFKGKATLTVDTSSSTAYVDLSSLTSEDSAVYY
83,IGHV1S26,QVQLQQSGAELVKTGASVKMSCKASGYTFTSYTMHWVKQRPGQGLEWIGYINPSSGYTNYNQKFKDKATLTADKSSSTAYMQLSSLTSEDSAVYY
84,IGHV1S35,QVQLQQPGAVLVRHGASVKLSCKASGYTFTSSWMHWAKQRHGQGLEWIGEIHPNSGNTNYNEKFKGKATLTVDKSSSTAYVDLSSLTSEDSAVYY
85,IGHV1S36,PVQLQQPGAELVKPGASVKLSCKASGYTFTSYWMHWVKQRPGRGLEWIGNIDPNSGGTKYNEKFKSKATLTVDKPSSTAYMQLSSLTSEDSAVYY
86,IGHV1S40,QVQLQQSGPELVRPGLSVKLSCKASGYIFITYWMNWVKQRPGQGLEWIGQIFPASGSTNYNEMFEGKATLTVDTSSSTAYMQLSSLTSEDSAVYY
87,IGHV1S45,EVQLQQSGPELVKPGASVKMSCKASGYTFTDYVMHWVKQSNGKSLEWIGYINPYNDYTSYNQKFKGKATLTVDKSSSTAYMQLNSLTSEDSAVYY
88,IGHV1S46,EVQLQQSGPELVKPGASVKISCKASGFTFTDYVMHWVKQSHGKSLEWIGLIIPYNGDTFYNQKFKGKATLTVDTSSSTAYMELNSLTSEDFAVYY
89,IGHV1S47,EVQLQQSGAELGRPGSSVKLSCKTSGYTFTSYGINWVKQRPGQDLEWIGYIYPGNGYTAYNEKFQGEATLTSDTSSSTAYMQLRSLTSEDSAIYF
90,IGHV1S49,EVQLQQSGAELVRPGSSVKLSCKTSGYTFTSYGINWVKQRPGQGLEWIGYIYLGNGYTAYNEKFKGKATLTSDTSSSTAYMQLRSLTSEDSVIKF
91,IGHV1S5,QVQLQQPGAELVKPGASVKLSCKASGYTFTSYWMHWVKQRPGEGLEWIGNIYPGSSSTNYNEKFKSKATLTVDTPSSTAYMQLSSLTSEDSAVYY
92,IGHV1S50,QVQLQQSGAELVKPGASVRISCKTSGYTFTSYNIHWVKERPGQGLEWIGWIYPGDGNTKYNEKFKGKTTLTADKSSSTAYMQLSSLTSEDSAVYF
93,IGHV1S52,QVQLQQSGAELVRPGTSVKVSCKASGYVFTNYLIEWVKQRPGQGLEWIGVINPGSGGTNYNEKFKGKATLTADKSSSTAYMQLSSLTSDDSAVYF
94,IGHV1S53,QVQLQQSDAELVKPGASVKISCKASGYTFTDHAIHWVKQKPEQGLEWIGYISPGNGDIKYNEKFKGKATLTADKSSSTAYMQLNSLTSEDSAVYF
95,IGHV1S55,QVQLQQPGSVLVRPGASVKLSCKASGYTFTSYWMNWVKQRPGQGLEWIGGIYPNSGSTDYNEKFKGKATLTVDTSSSTTYMDLSSLTSKDSAVYY
96,IGHV1S56,QVQLQQSGPELVKPGASVRISCKASGYTFTSYNIHWVKQRPGQGLEWIGWIYPGDGNTKYNEKFKGKTTLTADKSSSTAYMQLSSLTSEDSAVYF
97,IGHV1S61,QVQLQQPGAELVKPGASVKLSCKASGYTFTSYWINWVKQRPGQGLEWIGNIYPGSSSTNYNEKFKSKATLTVDTSSSTAYMQLSSLTSDDSAVYY
98,IGHV2-2,QVQLKQSGPGLVQPSQSLSITCTVSGFSLTSYGVHWVRQSPGKGLEWLGVIWSGGSTDYNAAFISRLSISKDNSKSQVFFKMNSLQADDTAIYY
99,IGHV2-2-2,QVQMKQSGPGLVQPSQSLSITCTVSGFSLTSYGVHWVRQSPGKGLEWLGVIWSGGSTDYNAAFISRLSISKDNSKSQVFFKMNSLQADDTAIYY
100,IGHV2-3,QVQLKESGPGLVAPSQSLSITCTVSGFSLTSYGVSWVRQPPGKGLEWLGVIWGDGSTNYHSALISRLSISKDNSKSQVFLKLNSLQTDDTATYY
101,IGHV2-3-1,QVQLKESGPGLVQPSQSLSITCTVSGFSLTSYGVHWVRQSPGKGLEWLGVIWSGGSTDYNAPFISRLSISKDNSKSQIFFKMNSLQADDTAIYY
102,IGHV2-4,QVQLKQSGPGLVQPSQSLSITCTVSGFSLTSYGVHWVRQPPGKGLEWLGVIWSGGSTDYNAAFISRLSISKDNSKSQVFFKMNSLQADDTAIYY
103,IGHV2-4-1,QVQLKQSGPGLVQPSQSLSITCTVSGFSLTSYGVHWVRQSPGKGLEWLGVIWSGGSTDYNAAFISRLSISKDNSKSQVFFKMNSLQADDTAIYY
104,IGHV2-5,QVQLKQSGPGLVQPSQSLSITCTVSGFSLTSYGVHWVRQSPGKGLEWLGVIWRGGSTDYNAAFMSRLSITKDNSKSQVFFKMNSLQADDTAIYY
105,IGHV2-5-1,QVQLKQSGPSLVQPSQSLSITCTVSGFSLTSYGVHWVRQSPGKGLEWLGVIWRGGSTDYNAAFMSRLSITKDNSKSQVFFKMNSLQADDTAIYY
106,IGHV2-6,QVQLKESGPGLVAPSQSLSITCTVSGFSLTSYGVDWVRQSPGKGLEWLGVIWGVGSTNYNSALKSRLSISKDNSKSQVFLKMNSLQTDDTAMYY
107,IGHV2-6-1,QVQLKESGPGLVAPSQSLSITCTISGFSLTSYGVHWVRQPPGKGLEWLVVIWSDGSTTYNSALKSRLSISKDNSKSQVFLKMNSLQTDDTAMYY
108,IGHV2-6-2,QVQLKESGPDLVAPSQSLSITCTVSGFSLTSYGVHWVRQPPGKGLEWLVVIWSDGSTTYNSALKSRLSISKDNSKSQVFLKMNSLQTDDTAMYY
109,IGHV2-6-3,QVQNKSGPGLVEPSQSLSITCTVYWFSLTSYGVSWVRQPPGKGLKWLGVIWAGGSTNYNSALISRLSISKDNSKSQVFLKMNSLQTDDTAIYY
110,IGHV2-6-4,QVQLKESGPGLVAPSQSLSITCTVSGFSLSRYSVHWVRQPPGKGLEWLGMIWGGGSTDYNSALKSRLSISKDNSKSQVFLKMNSLQTDDTAMYY
111,IGHV2-6-5,QVQLKESGPGLVAPSQSLSITCTVSGFSLTDYGVSWIRQPPGKGLEWLGVIWGGGSTYYNSALKSRLSISKDNSKSQVFLKMNSLQTDDTAMYY
112,IGHV2-6-6,QVQLKESGPGLVAPSQSLSITCTVSGFSLTNSGVHWVRQSPGKGLEWLGVIWGDGSTNYNSAFKSRLSISKDNSKSQVFLKMNSLQTDDTARYY
113,IGHV2-6-7,QVQLKESGPGLVAPSQSLSITCTVSGFSLTGYGVNWVRQPPGKGLEWLGMIWGDGSTDYNSALKSRLSISKDNSKSQVFLKMNSLQTDDTARYY
114,IGHV2-7,QVQMKESGPDLVQPSQTLSLTCTVSGFSLSSYGVHWFRKPPRKGLEWLGGIWSGGSIYYTPALSSRLSVSRDTSKSQVFFKMSSLQSEDTAVYH
115,IGHV2-9,QVQLKESGPGLVAPSQSLSITCTVSGFSLTSYGVDWVRQPPGKGLEWLGVIWGGGSTNYNSALMSRLSISKDNSKSQVFLKMNSLQTDDTAMYY
116,IGHV2-9-1,QVQLKESGPGLVAPSQSLSITCTVSGFSLTSYAISWVRQPPGKGLEWLGVIWTGGGTNYNSALKSRLSISKDNSKSQVFLKMNSLQTDDTARYY
117,IGHV2-9-2,QVQLKESGPGLVAPSQSLSITCTVSGFSLTSYDISWIRQPPGKGLEWLGVIWTGGGTNYNSAFMSRLSISKDNSKSQVFLKMNSLQTDDTAIYY
118,IGHV2S3,QVQLKQSGPGLVAPSQSLFITCTVYGFSLTSYEINWVRQPPGKGLEWLGVIWTGGSTNYNSALISRLSISKDNSKSLVFLKMNSLQTDDTAIYY
119,IGHV3-1,DVQLQESGPGMVKPSQSLSLTCTVTGYSITSGYDWHWIRHFPGNKLEWMGYISYSGSTNYNPSLKSRISITHDTSKNHFFLKLNSVTTEDTATYY
120,IGHV3-3,DVQLQESGPSLVRPSQTLSLTCTVTGFSINSDCYWIWIRQFPGNKLEYIGYTFYSGITYYNPSLESRTYITRDTSKNQFSLKLSSVTTEDTATYY
121,IGHV3-4,DVQLQESGPALVKPSQTVSLTCTVTGYSITNGNHWWNWIRQVSGSKLEWIGYISSSGSTDSNPSLKSRISITRDTSKNQLFLQLNSVTTEDIATYY
122,IGHV3-5,DVQLQESGPGLVKPSQTVFLTCTVTGISITTGNYRWSWIRQFPGNKLEWIGYIYYSGTITYNPSLTSRTTITRDTPKNQFFLEMNSLTAEDTATYY
123,IGHV3-6,DVQLQESGPGLVKPSQSLSLTCSVTGYSITSGYYWNWIRQFPGNKLEWMGYISYDGSNNYNPSLKNRISITRDTSKNQFFLKLNSVTTEDTATYY
124,IGHV3-8,EVQLQESGPGLAKPSQTLSLTCSVTGYSITSDYWNWIRKFPGNKLEYMGYISYSGSTYYNPSLKSRISITRDTSKNQYYLQLNSVTTEDTATYY
125,IGHV3S1,EVQLQESGPSLVKPSQTLSLTCSVTGDSITSDYWNWIRKFPGNKLEYMGYISYSGSTYYNPSLKSRISITRDTSKNQYYLQLNSVTSEDTATYY
126,IGHV3S7,EVQLQESGPGLAKPSQTLSLTCSATGYSITSDYWNWIRKFPGNKLEYMGFISGSGSTYYNPSLKSRISITRDTSKNQYYLQLNSVTTEDAATYY
127,IGHV4-1,EVKLLQSGGGLVQPGGSLKLSCAASGIDFSRYWMSWVRRAPGKGLEWIGEINPDSSTINYAPSLKDKFIISRDNAKNTLYLQMSKVRSEDTALYY
128,IGHV5-12,EVKLVESGGGLVQPGGSLKLSCAASGFTFSDYYMYWVRQTPEKRLEWVAYISNGGGSTYYPDTVKGRFTISRDNAKNTLYLQMSRLKSEDTAMYY
129,IGHV5-12-1,EVQLVESGGGLVKPGGSLKLSCAASGFAFSSYDMSWVRQTPEKRLEWVAYISSGGGSTYYPDTVKGRFTISRDNAKNTLYLQMSSLKSEDTAMYY
130,IGHV5-12-2,EVKLVESGGGLVQPGGSLKLSCAASGFTFSSYTMSWVRQTPEKRLEWVAYISNGGGSTYYPDTVKGRFTISRDNAKNTLYLQMSSLKSEDTAMYY
131,IGHV5-15,EVKLVESGGGLVQPGGSLKLSCAASGFTFSDYGMAWVRQAPRKGPEWVAFISNLAYSIYYADTVTGRFTISRENAKNTLYLEMSSLRSEDTAMYY
132,IGHV5-16,EVKLVESEGGLVQPGSSMKLSCTASGFTFSDYYMAWVRQVPEKGLEWVANINYDGSSTYYLDSLKSRFIISRDNAKNILYLQMSSLKSEDTATYY
133,IGHV5-17,EVQLVESGGGLVKPGGSLKLSCAASGFTFSDYGMHWVRQAPEKGLEWVAYISSGSSTIYYADTVKGRFTISRDNAKNTLFLQMTSLRSEDTAMYY
134,IGHV5-2,EVQLVESGGGLVQPGESLKLSCESNEYEFPSHDMSWVRKTPEKRLELVAAINSDGGSTYYPDTMERRFIISRDNTKKTLYLQMSSLRSEDTALYY
135,IGHV5-4,EVQLVESGGGLVKPGGSLKLSCAASGFTFSSYAMSWVRQTPEKRLEWVATISDGGSYTYYPDNVKGRFTISRDNAKNNLYLQMSHLKSEDTAMYY
136,IGHV5-6,EVQLVESGGDLVKPGGSLKLSCAASGFTFSSYGMSWVRQTPDKRLEWVATISSGGSYTYYPDSVKGRFTISRDNAKNTLYLQMSSLKSEDTAMYY
137,IGHV5-6-1,EVQLVESGGDLVKPGGSLKLSCAASGFTFSSYGMSWVRQTPDKRLEWVATISSGGSYTYYPDSVKGRFTISRDNAKNTLYLQMSSLKSEDTAMYY
138,IGHV5-6-2,DVKLVESGGGLVKLGGSLKLSCAASGFTFSSYYMSWVRQTPEKRLELVAAINSNGGSTYYPDTVKGRFTISRDNAKNTLYLQMSSLKSEDTALYY
139,IGHV5-6-3,EVQLVESGGGLVQPGGSLKLSCAASGFTFSSYGMSWVRQTPDKRLELVATINSNGGSTYYPDSVKGRFTISRDNAKNTLYLQMSSLKSEDTAMYY
140,IGHV5-6-4,DVKLVESGGGLVKPGGSLKLSCAASGFTFSSYTMSWVRQTPEKRLEWVATISSGGSYTYYPDSVKGRFTISRDNAKNTLYLQMSSLKSEDTAMYY
141,IGHV5-6-5,EVKLVESGGGLVKPGGSLKLSCAASGFTFSSYAMSWVRQTPEKRLEWVASISSGGSTYYPDSVKGRFTISRDNARNILYLQMSSLRSEDTAMYY
142,IGHV5-6-6,EVKLVESGGGLVQPGGSLKLSCAASGFTFSSYAMSWIRQTPDKRLEWVASISSGGSYTYYPDSVKGRFTIPRDNTKNTLYLQMSSLSSKDTALYY
143,IGHV5-9,EVMLVESGGGLVKPGGSLKLSCAASGFTFSSYTMSWVRQTPEKRLEWVATISGGGGNTYYPDSVKGRFTISRDNAKNTLYLQMSSLRSEDTALYY
144,IGHV5-9-1,EVMLVESGGGLVKPGGSLKLSCAASGFTFSSYAMSWVRQTPEKRLEWVATISSGGSYTYYPDSVKGRFTISRDNAKNTLYLQMSSLRSEDTAMYY
145,IGHV5-9-2,EVKLVESGGGLVKPGGSLKLSCAASGFTFSSYGMSWVRQTPEKRLEWVATISGGGSYTYYPDSVKGRFTISRDNAKNNLYLQMSSLRSEDTALYY
146,IGHV5-9-3,EVQLVESGGGLVKPGGSLKLSCAASGFTFSSYAMSWVRQTPEKRLEWVATISSGGSYTYYPDSVKGRFTISRDNAKNTLYLQMSSLRSEDTAMYY
147,IGHV5-9-4,EVQLVESGGGLVKPGGSLKLSCAASGFTFSSYAMSWVRQSPEKRLEWVAEISSGGSYTYYPDTVTGRFTISRDNAKNTLYLEMSSLRSEDTAMYY
148,IGHV5-9-5,EVMLVESGGGLVKPGGSLKLSCAASGFTFSSYTMSWVRQTPEKRLEWVATISSGGGNTYYPDSVKGRFTISRDNAKNNLYLQMSSLRSEDTALYY
149,IGHV5S4,EVKLVESGGGLVKPGGSLKLSCATSGFTFSSYGMSWVRQTPEKRLEWVATISGGGSYTYYPDSVKGRFTISRDNAKNNLYLQMSSLRSEDTALYY
150,IGHV6-3,EVKLEESGGGLVQPGGSMKLSCVASGFTFSNYWMNWVRQSPEKGLEWVAQIRLKSDNYATHYAESVKGRFTISRDDSKSSVYLQMNNLRAEDTGIYY
151,IGHV6-4,DVNLEVSGGGLVKPGGSMQLFCVASGFTFVDGWMDWVRQSPEKGLEWVAEIANKANNYATYYPESVKGRFTISRDDFKSSVYLHMNSLRAEDTGIYY
152,IGHV6-5,EVKIEESGGGLVQPGGSMKLSCAASGFTFSDYRMDWVHHSTENGLEWVAEIRNKASNYATYYVESVNGRFTISRDDSKSSVYLQMNSLRAEDTGIYY
153,IGHV6-6,EVKLEESGGGLVQPGGSMKLSCAASGFTFSDAWMDWVRQSPEKGLEWVAEIRNKANNHATYYAESVKGRFTISRDDSKSSVYLQMNSLRAEDTGIYY
154,IGHV6-7,EEKLDESGGGLVQPGRSMKLSCVASGFTFTNSWMNWFCQSPEKGLEWVAQIKSKPYNYETYYSDSVKGRFTISRDDSKSSVYLQMNNLRAEDTGIYY
155,IGHV7-1,EVKLVESGGGLVQSGRSLRLSCATSGFTFSDFYMEWVRQAPGKGLEWIAASRNKANDYTTEYSASVKGRFIVSRDTSQSILYLQMNALRAEDTAIYYCA
156,IGHV7-2,EVKLVESEGGLVQPGGSLRLSCATSGFTFTDFYMNWVCQPPRKALEWLGFIRNKANGYTTDYSASMKGRFTISRDNSQSILYLQMNTLRTEDSATYYCA
157,IGHV7-3,EVKLVESGGGLVQPGGSLSLSCAASGFTFTDYYMSWVRQPPGKALEWLGFIRNKANGYTTEYSASVKGRFTISRDNSQSILYLQMNALRAEDSATYY
158,IGHV7-4,EVKLMESGGGLVQPGASLRLSCAASGFTFTDYYMSWVRQPPGKAPEWLALIRNKANGYTTEYTASVKGRFTISRDNSQNILYLQMNTLRAEDSATYYCV
159,IGHV8-11,QITQKESGPGILQPSQTLSLTCSFSGFSLSTSGMGVGWIHQPSGNGLEWLAHIWWNDNKYYNTALKSRLTISKDTSNNQVFLKIASVDTADTATYY
160,IGHV8-12,QVTLKESGPGILQSSQTLSLTCSFSGFSLSTSGMGVSWIRQPSGKGLEWLAHIYWDDDKRYNPSLKSRLTISKDTSRNQVFLKITSVDTADTATYY
161,IGHV8-2,QVTLKVSGPGILQPSQTLSLACTFSGISLSTSGMGLSWLRKPSGKALEWLASIWNNDNYYNPSLKSRLTISKETSNYQVFLKLTSVDTADSATYYGA
162,IGHV8-4,QITLKQSGPGIVQPSQPVRLTCTFSGFSLSTSGIGVTWIRQPSGKGLEWLATIWWDDDNRYNPSLKSRLAVSKDTSNNQAFLNIITVETADTAIYY
163,IGHV8-5,QVTLKESGPGILQPSQTLSLTCSFSGFSLSTSNMGIGWIRQPSGKGLEWLAHIWWNDDKYYNPSLKSRLTISKDTSNNQVFLKITSVDTADTATYY
164,IGHV8-6,QVTLKESGPGILQPSQTLSLTCSFSGFSLSTFGMGVSWIRQPSGKDLEWLAHIYWDDDKHYNPSLKSQLRISKDTSNNQVFLKITTVDTVDTATYY
165,IGHV8-8,QVTLKESGPGILQPSQTLSLTCSFSGFSLSTFGMGVGWIRQPSGKGLEWLAHIWWDDDKYYNPALKSRLTISKDTSKNQVFLKIANVDTADTATYY
166,IGHV8-9,QVTLKESGPGILQPSQTLSLTCSFSVFSLSTFGMGVSWIRQPSGKGLEWLAHIYWDEDKHYKPSLKSRLTISKDTSNNQVFLKITTVDTADTATYYS
167,IGHV9-1,QIQLVQSGPELKKPGETVKISCKASGYTFTEYPMHWVKQAPGKGFKWMGMIYTDTGEPTYAEEFKGRFAFSLETSASTAYLQINNLKNEDTATYF
168,IGHV9-2,QIQFVQSGPELKKPGETVKISCKASVYTFTEYPMHWVKQAPGKGFKWMGWINTYSGEPTYADDFKGRFAFSLETSASTAYLQINNLKNEDTATYF
169,IGHV9-2-1,QIQLVQSGPELKKPGETVKISCKASGYTFTDYSMHWVKQAPGKGLKWMGWINTETGEPTYADDFKGRFAFSLETSASTAYLQINNLKNEDTATYF
170,IGHV9-3,QIQLVQSGPELKKPGETVKISCKASGYTFTTYGMSWVKQAPGKGLKWMGWINTYSGVPTYADDFKGRFAFSLETSASTAYLQINNLKNEDTATYF
171,IGHV9-3-1,QIQLVQSGPELKKPGETVKISCKASGYTFTNYGMNWVKQAPGKGLKWMGWINTYTGEPTYADDFKGRFAFSLETSASTAYLQINNLKNEDTATYF
172,IGHV9-4,QIQLVQSGPELKKPGETVKISCKASGYTFTTAGMQWVQKMPGKGFKWIGWINTHSGEPKYAEDFKGRFAFSLETSASTAYLQISNLKNEDTATYF
173,IGHV9S8,QIQLVQSGPELKKPGETVKISCKASGYTFTNYGMNWVKQAPGKGLKWMGWINTETGEPTYADDFKGRFAFSLETSASTAYLQINNLKNEDTATYF
