"","gene_id","sequence"
"1","IGHV1-18","QVQLVQSGAEVKKPGASVKVSCKASGYTFTSYGISWVRQAPGQGLEWMGWISAYNGNTNYAQKLQGRVTMTTDTSTSTAYMELRSLRSDDTAVYY"
"2","IGHV1-2","QVQLVQSGAEVKKPGASVKVSCKASGYTFTGYYMHWVRQAPGQGLEWMGRINPNSGGTNYAQKFQGRVTSTRDTSISTAYMELSRLRSDDTVVYY"
"3","IGHV1-24","QVQLVQSGAEVKKPGASVKVSCKVSGYTLTELSMHWVRQAPGKGLEWMGGFDPEDGETIYAQKFQGRVTMTEDTSTDTAYMELSSLRSEDTAVYY"
"4","IGHV1-3","QVQLVQSGAEVKKPGASVKVSCKASGYTFTSYAMHWVRQAPGQRLEWMGWINAGNGNTKYSQKFQGRVTITRDTSASTAYMELSSLRSEDTAVYY"
"5","IGHV1-38-4","QVQLVQSWAEVRKSGASVKVSCSFSGFTITSYGIHWVQQSPGQGLEWMGWINPGNGSPSYAKKFQGRFTMTRDMSTTTAYTDLSSLTSEDMAVYY"
"6","IGHV1-45","QMQLVQSGAEVKKTGSSVKVSCKASGYTFTYRYLHWVRQAPGQALEWMGWITPFNGNTNYAQKFQDRVTITRDRSMSTAYMELSSLRSEDTAMYY"
"7","IGHV1-46","QVQLVQSGAEVKKPGASVKVSCKASGYTFTSYYMHWVRQAPGQGLEWMGIINPSGGSTSYAQKFQGRVTMTRDTSTSTVYMELSSLRSEDTAVYY"
"8","IGHV1-58","QMQLVQSGPEVKKPGTSVKVSCKASGFTFTSSAVQWVRQARGQRLEWIGWIVVGSGNTNYAQKFQERVTITRDMSTSTAYMELSSLRSEDTAVYY"
"9","IGHV1-69","QVQLVQSGAEVKKPGSSVKVSCKASGGTFSSYAISWVRQAPGQGLEWMGGIIPIFGTANYAQKFQGRVTITADESTSTAYMELSSLRSEDTAVYY"
"10","IGHV1-69-2","EVQLVQSGAEVKKPGATVKISCKVSGYTFTDYYMHWVQQAPGKGLEWMGLVDPEDGETIYAEKFQGRVTITADTSTDTAYMELSSLRSEDTAVYY"
"11","IGHV1-69D","QVQLVQSGAEVKKPGSSVKVSCKASGGTFSSYAISWVRQAPGQGLEWMGGIIPIFGTANYAQKFQGRVTITADESTSTAYMELSSLRSEDTAVYY"
"12","IGHV1-8","QVQLVQSGAEVKKPGASVKVSCKASGYTFTSYDINWVRQATGQGLEWMGWMNPNSGNTGYAQKFQGRVTMTRNTSISTAYMELSSLRSEDTAVYY"
"13","IGHV1/OR15-1","QVQLVQSGAEVKKPGASVKVSCKASGYIFTDYYMHWVRQAPGQELGWMGRINPNSGGTNYAQKFQGRVTMTRDTSISTAYTELSSLRSEDTATYY"
"14","IGHV1/OR15-9","QVQLMQSGAEVKKPGASVRISCKASGYTFTSYCMHWVCQAHAQGLEWMGLVCPSDGSTSYAQKFQGRVTITRDTSMGTAYMELSSLRSEDTAMYY"
"15","IGHV1/OR21-1","QVQLVQSGAEVKKPGASVKVSCKASGYTITSYCMHWVHQVHAQGLEWMGLVCPSDGSTSYAQKFQARVTITRDTSMSTAYMELSSLRSEDTAMYY"
"16","IGHV2-26","QVTLKESGPVLVKPTETLTLTCTVSGFSLSNARMGVSWIRQPPGKALEWLAHIFSNDEKSYSTSLKSRLTISKDTSKSQVVLTMTNMDPVDTATYY"
"17","IGHV2-5","QITLKESGPTLVKPTQTLTLTCTFSGFSLSTSGVGVGWIRQPPGKALEWLALIYWNDDKRYSPSLKSRLTITKDTSKNQVVLTMTNMDPVDTATYY"
"18","IGHV2-70","QVTLRESGPALVKPTQTLTLTCTFSGFSLSTSGMCVSWIRQPPGKALEWLALIDWDDDKYYSTSLKTRLTISKDTSKNQVVLTMTNMDPVDTATYY"
"19","IGHV2/OR16-5","QVTLKESGPALVKPTETLTLTCTLSGFSLSTSGMGMSWIRQPPGKALEWLAHIFLNDKKSYSTSLKNRLIISKDTSKSQVVLTMTNMDPVDTATYY"
"20","IGHV3-11","QVQLVESGGGLVKPGGSLRLSCAASGFTFSDYYMSWIRQAPGKGLEWVSYISSSGSTIYYADSVKGRFTISRDNAKNSLYLQMNSLRAEDTAVYY"
"21","IGHV3-13","EVQLVESGGGLVQPGGSLRLSCAASGFTFSSYDMHWVRQATGKGLEWVSAIGTAGDTYYPGSVKGRFTISRENAKNSLYLQMNSLRAGDTAVYY"
"22","IGHV3-15","EVQLVESGGGLVKPGGSLRLSCAASGFTFSNAWMSWVRQAPGKGLEWVGRIKSKTDGGTTDYAAPVKGRFTISRDDSKNTLYLQMNSLKTEDTAVYY"
"23","IGHV3-16","EVQLVESGGGLVQPGGSLRLSCAASGFTFSNSDMNWARKAPGKGLEWVSGVSWNGSRTHYVDSVKRRFIISRDNSRNSLYLQKNRRRAEDMAVYY"
"24","IGHV3-20","EVQLVESGGGVVRPGGSLRLSCAASGFTFDDYGMSWVRQAPGKGLEWVSGINWNGGSTGYADSVKGRFTISRDNAKNSLYLQMNSLRAEDTALYH"
"25","IGHV3-21","EVQLVESGGGLVKPGGSLRLSCAASGFTFSSYSMNWVRQAPGKGLEWVSSISSSSSYIYYADSVKGRFTISRDNAKNSLYLQMNSLRAEDTAVYY"
"26","IGHV3-23","EVQLLESGGGLVQPGGSLRLSCAASGFTFSSYAMSWVRQAPGKGLEWVSAISGSGGSTYYADSVKGRFTISRDNSKNTLYLQMNSLRAEDTAVYY"
"27","IGHV3-23D","EVQLLESGGGLVQPGGSLRLSCAASGFTFSSYAMSWVRQAPGKGLEWVSAISGSGGSTYYADSVKGRFTISRDNSKNTLYLQMNSLRAEDTAVYY"
"28","IGHV3-30","QVQLVESGGGVVQPGRSLRLSCAASGFTFSSYAMHWVRQAPGKGLEWVAVISYDGSNKYYADSVKGRFTISRDNSKNTLYLQMNSLRAEDTAVYY"
"29","IGHV3-30-3","QVQLVESGGGVVQPGRSLRLSCAASGFTFSSYAMHWVRQAPGKGLEWVAVISYDGSNKYYADSVKGRFTISRDNSKNTLYLQMNSLRAEDTAVYY"
"30","IGHV3-30-5","QVQLVESGGGVVQPGRSLRLSCAASGFTFSSYGMHWVRQAPGKGLEWVAVISYDGSNKYYADSVKGRFTISRDNSKNTLYLQMNSLRAEDTAVYY"
"31","IGHV3-33","QVQLVESGGGVVQPGRSLRLSCAASGFTFSSYGMHWVRQAPGKGLEWVAVIWYDGSNKYYADSVKGRFTISRDNSKNTLYLQMNSLRAEDTAVYY"
"32","IGHV3-35","EVQLVESGGGLVQPGGSLRLSCAASGFTFSNSDMNWVHQAPGKGLEWVSGVSWNGSRTHYADSVKGRFIISRDNSRNTLYLQTNSLRAEDTAVYY"
"33","IGHV3-38","EVQLVESGGGLVQPRGSLRLSCAASGFTVSSNEMSWIRQAPGKGLEWVSSISGGSTYYADSRKGRFTISRDNSKNTLYLQMNNLRAEGTAAYY"
"34","IGHV3-38-3","EVQLVESRGVLVQPGGSLRLSCAASGFTVSSNEMSWVRQAPGKGLEWVSSISGGSTYYADSRKGRFTISRDNSKNTLHLQMNSLRAEDTAVYY"
"35","IGHV3-43","EVQLVESGGVVVQPGGSLRLSCAASGFTFDDYTMHWVRQAPGKGLEWVSLISWDGGSTYYADSVKGRFTISRDNSKNSLYLQMNSLRTEDTALYY"
"36","IGHV3-48","EVQLVESGGGLVQPGGSLRLSCAASGFTFSSYSMNWVRQAPGKGLEWVSYISSSSSTIYYADSVKGRFTISRDNAKNSLYLQMNSLRAEDTAVYY"
"37","IGHV3-49","EVQLVESGGGLVQPGRSLRLSCTASGFTFGDYAMSWFRQAPGKGLEWVGFIRSKAYGGTTEYTASVKGRFTISRDGSKSIAYLQMNSLKTEDTAVYY"
"38","IGHV3-53","EVQLVESGGGLIQPGGSLRLSCAASGFTVSSNYMSWVRQAPGKGLEWVSVIYSGGSTYYADSVKGRFTISRDNSKNTLYLQMNSLRAEDTAVYY"
"39","IGHV3-64","EVQLVESGGGLVQPGGSLRLSCAASGFTFSSYAMHWVRQAPGKGLEYVSAISSNGGSTYYANSVKGRFTISRDNSKNTLYLQMGSLRAEDMAVYY"
"40","IGHV3-66","EVQLVESGGGLVQPGGSLRLSCAASGFTVSSNYMSWVRQAPGKGLEWVSVIYSGGSTYYADSVKGRFTISRDNSKNTLYLQMNSLRAEDTAVYY"
"41","IGHV3-7","EVQLVESGGGLVQPGGSLRLSCAASGFTFSSYWMSWVRQAPGKGLEWVANIKQDGSEKYYVDSVKGRFTISRDNAKNSLYLQMNSLRAEDTAVYY"
"42","IGHV3-72","EVQLVESGGGLVQPGGSLRLSCAASGFTFSDHYMDWVRQAPGKGLEWVGRTRNKANSYTTEYAASVKGRFTISRDDSKNSLYLQMNSLKTEDTAVYY"
"43","IGHV3-73","EVQLVESGGGLVQPGGSLKLSCAASGFTFSGSAMHWVRQASGKGLEWVGRIRSKANSYATAYAASVKGRFTISRDDSKNTAYLQMNSLKTEDTAVYY"
"44","IGHV3-74","EVQLVESGGGLVQPGGSLRLSCAASGFTFSSYWMHWVRQAPGKGLVWVSRINSDGSSTSYADSVKGRFTISRDNAKNTLYLQMNSLRAEDTAVYY"
"45","IGHV3-9","EVQLVESGGGLVQPGRSLRLSCAASGFTFDDYAMHWVRQAPGKGLEWVSGISWNSGSIGYADSVKGRFTISRDNAKNSLYLQMNSLRAEDTALYY"
"46","IGHV3-NL1","QVQLVESGGGVVQPGGSLRLSCAASGFTFSSYGMHWVRQAPGKGLEWVSVIYSGGSSTYYADSVKGRFTISRDNSKNTLYLQMNSLRAEDTAVYY"
"47","IGHV3/OR15-7","EVQLVESGGGLVQPGGSLRLSCAASGFTFSDHYMSWVRQAQGKGLELVGLIRNKANSYTTEYAASVKGRLTISREDSKNTMYLQMSNLKTEDLAVYY"
"48","IGHV3/OR16-10","EVQLVQSGGGLVHPGGSLRLSCAGSGFTFSSYAMHWVRQAPGKGLEWVSAIGTGGGTYYADSVKGRFTISRDNAKNSLYLQMNSLRAEDMAVYY"
"49","IGHV3/OR16-12","EVQLVESGRGLAQPGGYLKLSGAASGFTVGSWYMSWIHQAPGKGLEWVSYISSSGCSTNYADSVKGRFTISTDNSKNTLYLQMNSLRVEDTAVYY"
"50","IGHV3/OR16-13","EVQLVESGGGLVQPGGSLRLSCAASGFTFSSYWMHWVRQAPGKGLVWVSRINSDGSSTSYADSMKGQFTISRDNAKNTLYLQMNSLRAEDMAVYY"
"51","IGHV3/OR16-17","EVQLVESGGGLVQPGGSLRLSCPDSGFTFSNHYMSWVRQAPGKGLEWISYISGDSGYTNYADSVKGRFTISRDNANNSPYLQMNSLRAEDTAVYY"
"52","IGHV3/OR16-20","EVQLVQSGGGLVQPGGSLRLSCAGSGFTFSSYAMHWVRQAPGKGLEWVSAIGTGGGTYYADSVKGRFTISRDNAKNSLYLQMNSLRAEDMAVYY"
"53","IGHV3/OR16-8","EVQLVESGGGLVQPGGSLRLSCPASGFTFSNHYMSWVRQAPGKGLEWVSYISGDSGYTNYADSVKGRFTISRDNANNSPYLQMNSLRAEDTAVYY"
"54","IGHV3/OR16-9","EVQLVESGGGLVQPGGSLRLSCAASGFTFSNHYTSWVRQAPGKGLEWVSYSSGNSGYTNYADSVKGRFTISRDNAKNSLYLQMNSLRAEDTAVYY"
"55","IGHV4-28","QVQLQESGPGLVKPSDTLSLTCAVSGYSISSSNWWGWIRQPPGKGLEWIGYIYYSGSTYYNPSLKSRVTMSVDTSKNQFSLKLSSVTAVDTAVYY"
"56","IGHV4-30-2","QLQLQESGSGLVKPSQTLSLTCAVSGGSISSGGYSWSWIRQPPGKGLEWIGYIYHSGSTYYNPSLKSRVTISVDRSKNQFSLKLSSVTAADTAVYY"
"57","IGHV4-30-4","QVQLQESGPGLVKPSQTLSLTCTVSGGSISSGDYYWSWIRQPPGKGLEWIGYIYYSGSTYYNPSLKSRVTISVDTSKNQFSLKLSSVTAADTAVYY"
"58","IGHV4-31","QVQLQESGPGLVKPSQTLSLTCTVSGGSISSGGYYWSWIRQHPGKGLEWIGYIYYSGSTYYNPSLKSLVTISVDTSKNQFSLKLSSVTAADTAVYY"
"59","IGHV4-34","QVQLQQWGAGLLKPSETLSLTCAVYGGSFSGYYWSWIRQPPGKGLEWIGEINHSGSTNYNPSLKSRVTISVDTSKNQFSLKLSSVTAADTAVYY"
"60","IGHV4-38-2","QVQLQESGPGLVKPSETLSLTCAVSGYSISSGYYWGWIRQPPGKGLEWIGSIYHSGSTYYNPSLKSRVTISVDTSKNQFSLKLSSVTAADTAVYY"
"61","IGHV4-39","QLQLQESGPGLVKPSETLSLTCTVSGGSISSSSYYWGWIRQPPGKGLEWIGSIYYSGSTYYNPSLKSRVTISVDTSKNQFSLKLSSVTAADTAVYY"
"62","IGHV4-4","QVQLQESGPGLVKPPGTLSLTCAVSGGSISSSNWWSWVRQPPGKGLEWIGEIYHSGSTNYNPSLKSRVTISVDKSKNQFSLKLSSVTAADTAVYC"
"63","IGHV4-59","QVQLQESGPGLVKPSETLSLTCTVSGGSISSYYWSWIRQPPGKGLEWIGYIYYSGSTNYNPSLKSRVTISVDTSKNQFSLKLSSVTAADTAVYY"
"64","IGHV4-61","QVQLQESGPGLVKPSETLSLTCTVSGGSVSSGSYYWSWIRQPPGKGLEWIGYIYYSGSTNYNPSLKSRVTISVDTSKNQFSLKLSSVTAADTAVYY"
"65","IGHV4/OR15-8","QVQLQESGPGLVKPSETLSLTCVVSGGSISSSNWWSWVRQPPGKGLEWIGEIYHSGSPNYNPSLKSRVTISVDKSKNQFSLKLSSVTAADTAVYY"
"66","IGHV5-10-1","EVQLVQSGAEVKKPGESLRISCKGSGYSFTSYWISWVRQMPGKGLEWMGRIDPSDSYTNYSPSFQGHVTISADKSISTAYLQWSSLKASDTAMYY"
"67","IGHV5-51","EVQLVQSGAEVKKPGESLKISCKGSGYSFTSYWIGWVRQMPGKGLEWMGIIYPGDSDTRYSPSFQGQVTISADKSISTAYLQWSSLKASDTAMYY"
"68","IGHV6-1","QVQLQQSGPGLVKPSQTLSLTCAISGDSVSSNSAAWNWIRQSPSRGLEWLGRTYYRSKWYNDYAVSVKSRITINPDTSKNQFSLQLNSVTPEDTAVYY"
"69","IGHV7-4-1","QVQLVQSGSELKKPGASVKVSCKASGYTFTSYAMNWVRQAPGQGLEWMGWINTNTGNPTYAQGFTGRFVFSLDTSVSTAYLQICSLKAEDTAVYY"
"70","IGHV7-81","QVQLVQSGHEVKQPGASVKVSCKASGYSFTTYGMNWVPQAPGQGLEWMGWFNTYTGNPTYAQGFTGRFVFSMDTSASTAYLQISSLKAEDMAMYY"
